{
  "S": 0.28729041286694174,
  "B": 0.3204175536341577,
  "M": 0.07187447986474294,
  "E": 0.3204175536341577
}