{
  "S": {
    "S": 0.42896261210773334,
    "B": 0.5710373878922667
  },
  "B": {
    "E": 0.8532242244876338,
    "M": 0.14677577551236617
  },
  "M": {
    "M": 0.3456713007046277,
    "E": 0.6543286992953723
  },
  "E": {
    "B": 0.48537965431249463,
    "S": 0.5146203456875054
  }
}